year,station_key,station_jp,band_id,band_from_km,band_to_km,n_obs,mean_price,med_price,p25_price,p75_price,mean_price_w
2009,三島,三島,"[0,1)",0,1,68,204000,181000,171250,213750,204000
2009,三島,三島,"[1,3)",1,3,353,135181.30311614726,128000,103000,142000,135181.30311614726
2009,三島,三島,"[3,5)",3,5,574,162316.202090592,126000,103000,149000,162316.202090592
2009,三河安城,三河安城,"[0,1)",0,1,34,122000,122000,116000,128000,122000
2009,三河安城,三河安城,"[1,3)",1,3,270,126753.70370370371,131000,124000,134750,126753.70370370371
2009,三河安城,三河安城,"[3,5)",3,5,579,118639.89637305697,125000,116000,134000,118748.53195164079
2009,京都,京都,"[0,1)",0,1,85,315600,264000,196000,375000,315600
2009,京都,京都,"[1,3)",1,3,641,529020.2808112314,276000,198000,550000,529020.2808112314
2009,京都,京都,"[3,5)",3,5,1203,404766.4172901093,256000,192000,414000,404766.4172901093
2009,名古屋,名古屋,"[0,1)",0,1,119,2565857.14285714,787000,355000,5400000,2565857.14285714
2009,名古屋,名古屋,"[1,3)",1,3,758,838168.8654353549,242000,170000,692000,838168.8654353549
2009,名古屋,名古屋,"[3,5)",3,5,1638,501755.0061050064,210000,148000,330000,501755.0061050064
2009,品川,品川,"[0,1)",0,1,102,1442500,1090000,905000,2050000,1442500
2009,品川,品川,"[1,3)",1,3,606,1321227.7227722767,1045000,712750,1800000,1321227.7227722767
2009,品川,品川,"[3,5)",3,5,1514,2216060.1056803064,1140000,715000,2675000,2201264.861294588
2009,小田原,小田原,"[0,1)",0,1,102,213500,172500,148000,255000,213500
2009,小田原,小田原,"[1,3)",1,3,232,174224.1379310345,147000,137000,178000,174224.1379310345
2009,小田原,小田原,"[3,5)",3,5,360,184955.5555555553,139000,127000,167000,184955.5555555553
2009,岐阜羽島,岐阜羽島,"[0,1)",0,1,68,46325,45100,37350,54075,46450
2009,岐阜羽島,岐阜羽島,"[1,3)",1,3,217,45390.783410138254,47800,38700,51500,46070.0460829493
2009,岐阜羽島,岐阜羽島,"[3,5)",3,5,344,43996.220930232565,46100,38000,51500,45265.697674418596
2009,掛川,掛川,"[0,1)",0,1,102,92583.33333333331,75000,69000,115000,92583.33333333331
2009,掛川,掛川,"[1,3)",1,3,198,160909.59595959572,66500,52500,75000,160909.59595959572
2009,掛川,掛川,"[3,5)",3,5,226,140079.6460176991,64500,51000,75000,140410.6194690268
2009,新大阪,新大阪,"[0,1)",0,1,85,538200,530000,250000,699000,538200
2009,新大阪,新大阪,"[1,3)",1,3,522,360963.6015325668,250000,217000,515000,360963.6015325668
2009,新大阪,新大阪,"[3,5)",3,5,1499,472446.96464309684,260000,217000,460000,472446.96464309684
2009,新富士,新富士,"[0,1)",0,1,51,81166.66666666667,79500,73000,91000,81166.66666666667
2009,新富士,新富士,"[1,3)",1,3,337,95082.78931750741,99000,82400,108000,95082.78931750741
2009,新富士,新富士,"[3,5)",3,5,490,85079.18367346941,79500,73000,102000,85079.18367346941
2009,新横浜,新横浜,"[0,1)",0,1,51,724666.6666666666,307000,307000,1560000,724666.6666666666
2009,新横浜,新横浜,"[1,3)",1,3,388,335054.12371134025,263000,225000,333000,335054.12371134025
2009,新横浜,新横浜,"[3,5)",3,5,1082,461209.79667282896,272000,222000,349000,461209.79667282896
2009,東京,東京,"[0,1)",0,1,238,9367857.142857144,6725000,2520000,12600000,7217857.1428571455
2009,東京,東京,"[1,3)",1,3,1346,3710916.7904903195,1830000,1130000,4100000,3335433.8781575058
2009,東京,東京,"[3,5)",3,5,2510,2538913.1474103513,1300000,773000,2520000,2338116.334661369
2009,浜松,浜松,"[0,1)",0,1,153,206555.5555555556,221000,119000,243000,206555.5555555556
2009,浜松,浜松,"[1,3)",1,3,484,127136.36363636373,103000,90300,119000,127136.36363636373
2009,浜松,浜松,"[3,5)",3,5,923,104537.05308775736,88300,79600,104000,104537.05308775736
2009,熱海,熱海,"[0,1)",0,1,68,107400,109600,67500,149500,107400
2009,熱海,熱海,"[1,3)",1,3,115,87532.17391304349,70200,59400,149000,87532.17391304349
2009,熱海,熱海,"[3,5)",3,5,214,97605.60747663549,73000,59400,149000,97605.60747663549
2009,米原,米原,"[0,1)",0,1,34,74450,74450,70500,78400,74450
2009,米原,米原,"[1,3)",1,3,66,59253.03030303031,62300,36275,70500,61390.9090909091
2009,米原,米原,"[3,5)",3,5,132,50852.27272727274,64200,16800,70700,56893.93939393939
2009,豊橋,豊橋,"[0,1)",0,1,187,173909.09090909097,120000,89500,152000,173909.09090909097
2009,豊橋,豊橋,"[1,3)",1,3,414,131646.13526570046,106000,95000,121000,131646.13526570046
2009,豊橋,豊橋,"[3,5)",3,5,655,111672.97709923646,93300,81200,112000,111727.48091603041
2009,静岡,静岡,"[0,1)",0,1,204,513000,318500,195500,630250,513000
2009,静岡,静岡,"[1,3)",1,3,685,263539.27007299254,170000,153000,214000,263539.27007299254
2009,静岡,静岡,"[3,5)",3,5,979,219710.62308478076,159000,121000,196000,219710.62308478076
2010,三島,三島,"[0,1)",0,1,68,202750,179500,169750,212500,202750
2010,三島,三島,"[1,3)",1,3,353,134579.0368271955,128000,103000,142000,134579.0368271955
2010,三島,三島,"[3,5)",3,5,574,160990.94076655046,126000,102000,149000,160990.94076655046
2010,三河安城,三河安城,"[0,1)",0,1,34,122000,122000,116000,128000,122000
2010,三河安城,三河安城,"[1,3)",1,3,270,126407.4074074074,131000,123000,134750,126407.4074074074
2010,三河安城,三河安城,"[3,5)",3,5,579,118490.84628670117,125000,116000,133000,118646.45941278068
2010,京都,京都,"[0,1)",0,1,85,307000,257000,191000,367000,307000
2010,京都,京都,"[1,3)",1,3,641,507790.9516380654,263000,191000,540000,507790.9516380654
2010,京都,京都,"[3,5)",3,5,1203,390016.6251039077,247000,187000,414000,390016.6251039077
2010,名古屋,名古屋,"[0,1)",0,1,119,2339428.571428573,720000,339000,4900000,2339428.571428573
2010,名古屋,名古屋,"[1,3)",1,3,741,771348.1781376511,230000,163000,640000,771348.1781376511
2010,名古屋,名古屋,"[3,5)",3,5,1639,461675.8999389856,206000,147000,310000,461675.8999389856
2010,品川,品川,"[0,1)",0,1,102,1365833.3333333337,1065000,880000,1890000,1365833.3333333337
2010,品川,品川,"[1,3)",1,3,606,1243887.7887788771,1015000,670000,1680000,1243887.7887788771
2010,品川,品川,"[3,5)",3,5,1514,2011345.442536321,1080000,670000,2517500,2009231.8361955034
2010,小田原,小田原,"[0,1)",0,1,102,208166.66666666663,168500,146000,247000,208166.66666666663
2010,小田原,小田原,"[1,3)",1,3,232,170258.62068965516,145000,133000,173000,170258.62068965516
2010,小田原,小田原,"[3,5)",3,5,360,180913.0555555553,137000,123000,164000,180913.0555555553
2010,岐阜羽島,岐阜羽島,"[0,1)",0,1,68,45100,44000,36225,52875,45675
2010,岐阜羽島,岐阜羽島,"[1,3)",1,3,166,44495.78313253012,47100,36800,51200,45762.04819277108
2010,岐阜羽島,岐阜羽島,"[3,5)",3,5,228,44469.73684210526,47100,36800,54500,46375.87719298245
2010,掛川,掛川,"[0,1)",0,1,102,90683.33333333331,73100,67800,113000,90683.33333333331
2010,掛川,掛川,"[1,3)",1,3,198,156090.40404040428,66100,50500,73200,156090.40404040428
2010,掛川,掛川,"[3,5)",3,5,226,135945.5752212391,63000,50400,73200,136509.73451327442
2010,新大阪,新大阪,"[0,1)",0,1,85,501800,519000,243000,684000,501800
2010,新大阪,新大阪,"[1,3)",1,3,522,338157.08812260476,243000,210000,450000,338157.08812260476
2010,新大阪,新大阪,"[3,5)",3,5,1499,429428.95263508946,253000,210000,415000,429428.95263508946
2010,新富士,新富士,"[0,1)",0,1,51,80000,77500,72000,90500,80000
2010,新富士,新富士,"[1,3)",1,3,337,93251.92878338281,98000,80700,105000,93251.92878338281
2010,新富士,新富士,"[3,5)",3,5,490,83134.48979591839,77500,70600,99000,83134.48979591839
2010,新横浜,新横浜,"[0,1)",0,1,51,679333.3333333334,299000,299000,1440000,679333.3333333334
2010,新横浜,新横浜,"[1,3)",1,3,388,322610.82474226796,257000,219000,322000,322610.82474226796
2010,新横浜,新横浜,"[3,5)",3,5,1082,442719.96303142165,265000,216000,338000,442719.96303142165
2010,東京,東京,"[0,1)",0,1,238,8231428.5714285625,6015000,2240000,11300000,6410000
2010,東京,東京,"[1,3)",1,3,1346,3303167.9049034216,1680000,1030000,3820000,2997521.545319481
2010,東京,東京,"[3,5)",3,5,2510,2289954.1832669512,1200000,740000,2330000,2126129.4820717066
2010,浜松,浜松,"[0,1)",0,1,153,202444.4444444444,220000,118000,241000,202444.4444444444
2010,浜松,浜松,"[1,3)",1,3,484,125091.32231404942,102000,89200,118000,125091.32231404942
2010,浜松,浜松,"[3,5)",3,5,923,102819.60996749737,87200,78000,103000,102819.60996749737
2010,熱海,熱海,"[0,1)",0,1,68,105500,107600,66600,146500,105500
2010,熱海,熱海,"[1,3)",1,3,115,86105.21739130437,69200,58800,146000,86105.21739130437
2010,熱海,熱海,"[3,5)",3,5,214,95444.39252336451,72100,58800,146000,95444.39252336451
2010,米原,米原,"[0,1)",0,1,34,73000,73000,70000,76000,73000
2010,米原,米原,"[1,3)",1,3,66,58086.36363636363,61500,35325,70000,60713.63636363637
2010,米原,米原,"[3,5)",3,5,132,49600,62800,16400,68800,56206.818181818184
2010,豊橋,豊橋,"[0,1)",0,1,187,172645.4545454546,120000,88500,151000,172645.4545454546
2010,豊橋,豊橋,"[1,3)",1,3,414,130895.41062801938,105000,94500,121000,130895.41062801938
2010,豊橋,豊橋,"[3,5)",3,5,672,110935.56547619059,94500,84600,112000,111031.69642857126
2010,静岡,静岡,"[0,1)",0,1,204,490083.33333333314,303500,193000,587000,490083.33333333314
2010,静岡,静岡,"[1,3)",1,3,668,259416.9161676643,166000,151000,210000,259416.9161676643
2010,静岡,静岡,"[3,5)",3,5,980,212935.91836734622,154000,120000,192000,212935.91836734622
2011,三島,三島,"[0,1)",0,1,85,188000,174000,151000,182000,188000
2011,三島,三島,"[1,3)",1,3,352,134416.1931818182,129000,104000,141000,134416.1931818182
2011,三島,三島,"[3,5)",3,5,574,160399.1289198608,126000,101000,149000,160399.1289198608
2011,三河安城,三河安城,"[0,1)",0,1,51,136333.3333333333,128000,116000,165000,136333.3333333333
2011,三河安城,三河安城,"[1,3)",1,3,269,128602.23048327139,132000,123000,135000,128602.23048327139
2011,三河安城,三河安城,"[3,5)",3,5,579,119454.57685664936,125000,116000,135000,119539.72366148529
2011,京都,京都,"[0,1)",0,1,85,303000,255000,188000,355000,303000
2011,京都,京都,"[1,3)",1,3,641,497001.5600624032,250000,188000,540000,497001.5600624032
2011,京都,京都,"[3,5)",3,5,1186,385716.69477234577,244000,180000,410000,385716.69477234577
2011,名古屋,名古屋,"[0,1)",0,1,119,2316714.2857142873,696000,335000,4900000,2316714.2857142873
2011,名古屋,名古屋,"[1,3)",1,3,741,746923.0769230776,230000,162000,620000,746923.0769230776
2011,名古屋,名古屋,"[3,5)",3,5,1622,454243.40320591733,204000,147000,321000,454243.40320591733
2011,品川,品川,"[0,1)",0,1,102,1332666.6666666665,1050000,876000,1830000,1332666.6666666665
2011,品川,品川,"[1,3)",1,3,589,1162714.7707979633,970000,650000,1590000,1162714.7707979633
2011,品川,品川,"[3,5)",3,5,1531,1902423.2527759604,1050000,665000,2400000,1902423.2527759604
2011,小田原,小田原,"[0,1)",0,1,102,204833.33333333337,166500,144000,242000,204833.33333333337
2011,小田原,小田原,"[1,3)",1,3,232,167193.96551724136,143000,129000,171000,167193.96551724136
2011,小田原,小田原,"[3,5)",3,5,360,177778.8888888888,134000,122000,162000,177778.8888888888
2011,岐阜羽島,岐阜羽島,"[0,1)",0,1,68,44100,43150,35375,51875,44325
2011,岐阜羽島,岐阜羽島,"[1,3)",1,3,166,43526.50602409638,46300,36000,50300,44493.97590361446
2011,岐阜羽島,岐阜羽島,"[3,5)",3,5,245,42110.61224489794,45600,33500,53300,44278.36734693879
2011,掛川,掛川,"[0,1)",0,1,102,88966.66666666667,71850,66800,111000,88966.66666666667
2011,掛川,掛川,"[1,3)",1,3,198,151445.95959595958,65300,50500,72100,151445.95959595958
2011,掛川,掛川,"[3,5)",3,5,226,131945.13274336274,62000,49000,72100,132276.10619469048
2011,新大阪,新大阪,"[0,1)",0,1,85,496600,509000,238000,700000,496600
2011,新大阪,新大阪,"[1,3)",1,3,488,336479.50819672155,242000,206000,430000,336479.50819672155
2011,新大阪,新大阪,"[3,5)",3,5,1399,421357.39814152714,248000,208000,398000,421357.39814152714
2011,新富士,新富士,"[0,1)",0,1,51,77600,75500,70500,86800,77600
2011,新富士,新富士,"[1,3)",1,3,337,91013.35311572702,94900,79000,101000,91013.35311572702
2011,新富士,新富士,"[3,5)",3,5,490,80939.5918367347,76000,68500,97000,80939.5918367347
2011,新横浜,新横浜,"[0,1)",0,1,51,670000,296000,294000,1420000,670000
2011,新横浜,新横浜,"[1,3)",1,3,388,317688.14432989695,253000,215000,315000,317688.14432989695
2011,新横浜,新横浜,"[3,5)",3,5,1082,435158.0406654356,262000,213000,333000,435158.0406654356
2011,東京,東京,"[0,1)",0,1,238,8004285.71428571,5870000,2180000,11000000,6232857.142857144
2011,東京,東京,"[1,3)",1,3,1346,3194146.3595839427,1610000,1000000,3650000,2899346.953937572
2011,東京,東京,"[3,5)",3,5,2510,2212354.5816733013,1170000,720000,2200000,2054266.9322709157
2011,浜松,浜松,"[0,1)",0,1,153,200666.66666666666,220000,117000,239000,200666.66666666666
2011,浜松,浜松,"[1,3)",1,3,501,122880.63872255498,99500,88700,117000,122880.63872255498
2011,浜松,浜松,"[3,5)",3,5,922,101757.15835140985,86700,77500,102000,101757.15835140985
2011,熱海,熱海,"[0,1)",0,1,68,103575,105350,65175,143750,103575
2011,熱海,熱海,"[1,3)",1,3,115,84457.39130434784,67700,57600,143000,84457.39130434784
2011,熱海,熱海,"[3,5)",3,5,214,93433.17757009348,70400,57600,143000,93433.17757009348
2011,米原,米原,"[0,1)",0,1,34,72700,72700,69700,75700,72700
2011,米原,米原,"[1,3)",1,3,66,57528.78787878787,60500,34625,69700,59692.42424242423
2011,米原,米原,"[3,5)",3,5,132,48869.69696969696,61500,16200,67300,54704.54545454545
2011,豊橋,豊橋,"[0,1)",0,1,187,172127.27272727276,120000,88500,151000,172127.27272727276
2011,豊橋,豊橋,"[1,3)",1,3,414,130556.03864734295,105000,94000,121000,130556.03864734295
2011,豊橋,豊橋,"[3,5)",3,5,672,110523.36309523825,94000,83000,111000,110589.13690476175
2011,静岡,静岡,"[0,1)",0,1,204,471000,295500,190500,564250,471000
2011,静岡,静岡,"[1,3)",1,3,668,252982.63473053864,165000,150000,210000,252982.63473053864
2011,静岡,静岡,"[3,5)",3,5,980,207870,153000,119000,189000,207870
2012,三島,三島,"[0,1)",0,1,85,187400,173000,151000,181000,187400
2012,三島,三島,"[1,3)",1,3,352,134342.6136363636,130000,105000,140000,134342.6136363636
2012,三島,三島,"[3,5)",3,5,574,159463.24041811802,126000,100000,149000,159463.24041811802
2012,三河安城,三河安城,"[0,1)",0,1,51,142000,132000,126000,168000,142000
2012,三河安城,三河安城,"[1,3)",1,3,269,131762.0817843866,135000,126000,140000,131762.0817843866
2012,三河安城,三河安城,"[3,5)",3,5,562,122066.72597864772,128000,117000,137000,122133.27402135228
2012,京都,京都,"[0,1)",0,1,85,302600,255000,187000,355000,302600
2012,京都,京都,"[1,3)",1,3,641,492787.8315132599,245000,187000,470000,492787.8315132599
2012,京都,京都,"[3,5)",3,5,1186,383543.0016863396,244000,178000,410000,383543.0016863396
2012,名古屋,名古屋,"[0,1)",0,1,119,2362285.7142857127,696000,335000,5000000,2362285.7142857127
2012,名古屋,名古屋,"[1,3)",1,3,741,746286.0998650459,230000,162000,620000,746286.0998650459
2012,名古屋,名古屋,"[3,5)",3,5,1622,454362.14549938496,202000,146000,321000,454362.14549938496
2012,品川,品川,"[0,1)",0,1,102,1325333.3333333335,1045000,873000,1820000,1325333.3333333335
2012,品川,品川,"[1,3)",1,3,589,1152860.7809847188,970000,648000,1570000,1152860.7809847188
2012,品川,品川,"[3,5)",3,5,1531,1877286.7406923545,1050000,663000,2360000,1877286.7406923545
2012,小田原,小田原,"[0,1)",0,1,102,203333.33333333337,166000,143000,240000,203333.33333333337
2012,小田原,小田原,"[1,3)",1,3,215,169069.7674418605,143000,132000,170000,169069.7674418605
2012,小田原,小田原,"[3,5)",3,5,361,176602.21606648221,133000,119000,162000,176602.21606648221
2012,岐阜羽島,岐阜羽島,"[0,1)",0,1,68,43100,42050,34700,50450,43300
2012,岐阜羽島,岐阜羽島,"[1,3)",1,3,166,42567.46987951807,45100,35300,48800,43525.301204819276
2012,岐阜羽島,岐阜羽島,"[3,5)",3,5,245,41150.61224489794,44600,32900,51500,43311.83673469389
2012,掛川,掛川,"[0,1)",0,1,102,87166.66666666667,71050,66100,107000,87166.66666666667
2012,掛川,掛川,"[1,3)",1,3,198,146864.14141414152,64800,50300,71400,146864.14141414152
2012,掛川,掛川,"[3,5)",3,5,226,128031.85840707972,61300,48400,71400,128347.78761061946
2012,新大阪,新大阪,"[0,1)",0,1,85,491200,504000,236000,685000,491200
2012,新大阪,新大阪,"[1,3)",1,3,488,335907.7868852455,242000,206000,430000,335907.7868852455
2012,新大阪,新大阪,"[3,5)",3,5,1399,421710.5075053638,248000,205500,402000,421710.5075053638
2012,新富士,新富士,"[0,1)",0,1,51,76166.66666666667,74500,69000,85000,76166.66666666667
2012,新富士,新富士,"[1,3)",1,3,337,89759.94065281897,91000,78200,100000,89759.94065281897
2012,新富士,新富士,"[3,5)",3,5,490,79703.6734693878,75200,66500,95500,79703.6734693878
2012,新横浜,新横浜,"[0,1)",0,1,51,674000,291000,281000,1450000,674000
2012,新横浜,新横浜,"[1,3)",1,3,388,318533.50515463896,255000,218000,313000,318533.50515463896
2012,新横浜,新横浜,"[3,5)",3,5,1082,434275.4158964867,261000,215000,333000,434275.4158964867
2012,東京,東京,"[0,1)",0,1,238,7929285.71428571,5740000,2150000,10800000,6057857.142857143
2012,東京,東京,"[1,3)",1,3,1346,3154573.551263015,1610000,980000,3530000,2843132.2436849833
2012,東京,東京,"[3,5)",3,5,2510,2186557.768924305,1160000,720000,2170000,2019545.8167330509
2012,浜松,浜松,"[0,1)",0,1,153,257333.33333333337,228000,155000,292000,257333.33333333337
2012,浜松,浜松,"[1,3)",1,3,501,138866.06786427155,98800,88500,133000,138866.06786427155
2012,浜松,浜松,"[3,5)",3,5,922,109848.26464208256,86500,76200,106000,109848.26464208256
2012,熱海,熱海,"[0,1)",0,1,68,102200,103700,63900,142000,102200
2012,熱海,熱海,"[1,3)",1,3,115,83071.30434782611,66400,56400,141000,83071.30434782611
2012,熱海,熱海,"[3,5)",3,5,214,91778.50467289718,68900,56400,141000,91778.50467289718
2012,米原,米原,"[0,1)",0,1,34,72450,72450,69500,75400,72450
2012,米原,米原,"[1,3)",1,3,66,57150,60000,34125,69500,59262.121212121216
2012,米原,米原,"[3,5)",3,5,149,47582.55033557047,60000,25500,65500,52604.69798657719
2012,豊橋,豊橋,"[0,1)",0,1,187,172127.27272727276,120000,88500,151000,172127.27272727276
2012,豊橋,豊橋,"[1,3)",1,3,414,130556.03864734295,105000,94000,121000,130556.03864734295
2012,豊橋,豊橋,"[3,5)",3,5,672,110457.5892857142,94000,82700,111000,110520.83333333344
2012,静岡,静岡,"[0,1)",0,1,204,467500,292500,188250,556250,467500
2012,静岡,静岡,"[1,3)",1,3,668,251320.05988023983,164000,150000,212000,251320.05988023983
2012,静岡,静岡,"[3,5)",3,5,980,206148.9795918372,152000,118000,189000,206148.9795918372
2013,三島,三島,"[0,1)",0,1,85,187600,173000,153000,180000,187600
2013,三島,三島,"[1,3)",1,3,352,134774.4318181818,131000,106000,140000,134774.4318181818
2013,三島,三島,"[3,5)",3,5,574,159373.51916376298,127000,101000,145000,159373.51916376298
2013,三河安城,三河安城,"[0,1)",0,1,51,146666.6666666667,139000,128000,173000,146666.6666666667
2013,三河安城,三河安城,"[1,3)",1,3,269,136197.02602230484,139000,130000,145000,136197.02602230484
2013,三河安城,三河安城,"[3,5)",3,5,528,129061.74242424243,133000,120000,144000,129061.74242424243
2013,京都,京都,"[0,1)",0,1,85,306800,255000,186000,355000,306800
2013,京都,京都,"[1,3)",1,3,641,497396.2558502344,246000,186000,492000,497396.2558502344
2013,京都,京都,"[3,5)",3,5,1186,386864.2495784137,245000,178000,413000,386864.2495784137
2013,名古屋,名古屋,"[0,1)",0,1,119,2481857.14285714,730000,350000,5250000,2481857.14285714
2013,名古屋,名古屋,"[1,3)",1,3,724,771834.2541436453,237000,165000,650000,771834.2541436453
2013,名古屋,名古屋,"[3,5)",3,5,1538,475120.09102730773,207000,146000,300000,475120.09102730773
2013,品川,品川,"[0,1)",0,1,85,1491200,1130000,990000,1870000,1491200
2013,品川,品川,"[1,3)",1,3,590,1184710.1694915274,990000,703000,1600000,1184710.1694915274
2013,品川,品川,"[3,5)",3,5,1531,1925368.3866753795,1080000,680000,2400000,1903421.9464402376
2013,小田原,小田原,"[0,1)",0,1,102,202666.66666666663,166500,143000,240000,202666.66666666663
2013,小田原,小田原,"[1,3)",1,3,232,164978.44827586206,140000,128000,169000,164978.44827586206
2013,小田原,小田原,"[3,5)",3,5,360,175494.44444444458,131000,116000,164000,175494.44444444458
2013,岐阜羽島,岐阜羽島,"[0,1)",0,1,51,45700,48100,34600,54400,46466.66666666667
2013,岐阜羽島,岐阜羽島,"[1,3)",1,3,150,42742,44300,36900,48100,44404
2013,岐阜羽島,岐阜羽島,"[3,5)",3,5,246,40692.276422764226,43700,34600,50000,43721.13821138212
2013,掛川,掛川,"[0,1)",0,1,102,86650,70750,65800,106000,86650
2013,掛川,掛川,"[1,3)",1,3,198,144793.43434343435,64600,49800,71200,144793.43434343435
2013,掛川,掛川,"[3,5)",3,5,226,126251.32743362835,61200,48400,71200,127108.84955752219
2013,新大阪,新大阪,"[0,1)",0,1,85,493000,510000,237000,675000,493000
2013,新大阪,新大阪,"[1,3)",1,3,488,342334.01639344316,244000,206000,448000,342334.01639344316
2013,新大阪,新大阪,"[3,5)",3,5,1399,436755.53967119334,251000,205500,423000,436755.53967119334
2013,新富士,新富士,"[0,1)",0,1,51,74266.66666666667,73500,67300,82000,74266.66666666667
2013,新富士,新富士,"[1,3)",1,3,337,88919.2878338279,89000,78200,99700,88919.2878338279
2013,新富士,新富士,"[3,5)",3,5,490,78825.91836734691,74900,66000,94500,78825.91836734691
2013,新横浜,新横浜,"[0,1)",0,1,51,701333.3333333334,296000,288000,1520000,701333.3333333334
2013,新横浜,新横浜,"[1,3)",1,3,388,327128.86597938143,263000,221000,320000,327128.86597938143
2013,新横浜,新横浜,"[3,5)",3,5,1082,448512.9390018481,264000,218000,343000,448512.9390018481
2013,東京,東京,"[0,1)",0,1,238,8124285.71428571,5775000,2160000,11100000,6238571.428571424
2013,東京,東京,"[1,3)",1,3,1346,3228780.089153042,1630000,995000,3560000,2888438.3358097957
2013,東京,東京,"[3,5)",3,5,2476,2257226.1712439493,1210000,745000,2220000,2073058.1583198786
2013,浜松,浜松,"[0,1)",0,1,153,257333.33333333337,230000,155000,295000,257333.33333333337
2013,浜松,浜松,"[1,3)",1,3,518,137249.22779922796,99500,86500,119000,137249.22779922796
2013,浜松,浜松,"[3,5)",3,5,938,109423.13432835838,87000,76675,107000,109423.13432835838
2013,熱海,熱海,"[0,1)",0,1,68,101525,102750,63025,141250,101525
2013,熱海,熱海,"[1,3)",1,3,115,82340.86956521738,65500,55600,140000,82340.86956521738
2013,熱海,熱海,"[3,5)",3,5,214,90682.24299065422,68000,55600,140000,90682.24299065422
2013,米原,米原,"[0,1)",0,1,34,72200,72200,69200,75200,72200
2013,米原,米原,"[1,3)",1,3,66,56822.727272727265,59700,33675,69200,59887.878787878784
2013,米原,米原,"[3,5)",3,5,149,47134.89932885906,58800,25000,65000,53330.20134228187
2013,豊橋,豊橋,"[0,1)",0,1,170,176340,120500,88500,151000,176340
2013,豊橋,豊橋,"[1,3)",1,3,398,130779.14572864327,106000,94000,121000,130779.14572864327
2013,豊橋,豊橋,"[3,5)",3,5,622,111314.30868167186,94100,80500,111000,111489.22829582002
2013,静岡,静岡,"[0,1)",0,1,221,445461.5384615386,293000,177000,529000,445461.5384615386
2013,静岡,静岡,"[1,3)",1,3,667,253986.9565217396,169000,152000,216000,253986.9565217396
2013,静岡,静岡,"[3,5)",3,5,980,207257.24489795964,155000,114000,189000,207257.24489795964
2014,三島,三島,"[0,1)",0,1,85,188600,175000,154000,180000,188600
2014,三島,三島,"[1,3)",1,3,335,134986.56716417908,127000,102000,141000,134986.56716417908
2014,三島,三島,"[3,5)",3,5,575,157939.30434782602,124000,99800,142000,157939.30434782602
2014,三河安城,三河安城,"[0,1)",0,1,51,148666.6666666667,142000,131000,173000,148666.6666666667
2014,三河安城,三河安城,"[1,3)",1,3,235,139600,146000,134000,147000,139600
2014,三河安城,三河安城,"[3,5)",3,5,496,131638.30645161294,139000,125000,146000,131638.30645161294
2014,京都,京都,"[0,1)",0,1,85,315000,261000,186000,358000,315000
2014,京都,京都,"[1,3)",1,3,641,514650.5460218411,255000,186000,525000,514650.5460218411
2014,京都,京都,"[3,5)",3,5,1186,398941.82124789315,250000,178000,427000,398941.82124789315
2014,名古屋,名古屋,"[0,1)",0,1,136,2652125,1440000,621500,3237500,2652125
2014,名古屋,名古屋,"[1,3)",1,3,689,906895.5007256907,254000,195000,800000,906895.5007256907
2014,名古屋,名古屋,"[3,5)",3,5,1489,537705.4398925477,222000,155000,355000,537705.4398925477
2014,品川,品川,"[0,1)",0,1,85,1569800,1170000,1040000,1990000,1569800
2014,品川,品川,"[1,3)",1,3,590,1232364.4067796604,1040000,720000,1670000,1232364.4067796604
2014,品川,品川,"[3,5)",3,5,1547,2022027.1493212709,1110000,700000,2530000,1990999.3535875948
2014,小田原,小田原,"[0,1)",0,1,85,210000,168000,144000,240000,210000
2014,小田原,小田原,"[1,3)",1,3,199,167542.71356783924,139000,114000,168000,167542.71356783924
2014,小田原,小田原,"[3,5)",3,5,362,174790.0552486187,132000,114000,168000,174790.0552486187
2014,岐阜羽島,岐阜羽島,"[0,1)",0,1,51,45133.33333333333,47600,34200,53600,45733.33333333333
2014,岐阜羽島,岐阜羽島,"[1,3)",1,3,150,42209.33333333333,43700,36500,47600,43772.66666666667
2014,岐阜羽島,岐阜羽島,"[3,5)",3,5,246,40103.658536585346,43000,34200,48800,43032.52032520325
2014,掛川,掛川,"[0,1)",0,1,102,86583.33333333333,71050,65800,105000,86583.33333333333
2014,掛川,掛川,"[1,3)",1,3,198,143043.93939393933,64600,49500,71800,143043.93939393933
2014,掛川,掛川,"[3,5)",3,5,226,124761.94690265472,61600,48400,71800,125529.20353982298
2014,新大阪,新大阪,"[0,1)",0,1,85,507400,515000,239000,675000,507400
2014,新大阪,新大阪,"[1,3)",1,3,454,361297.3568281936,248000,193000,515000,361297.3568281936
2014,新大阪,新大阪,"[3,5)",3,5,1350,578436.2962962945,254000,206000,489000,578436.2962962945
2014,新富士,新富士,"[0,1)",0,1,51,72000,71500,65300,79200,72000
2014,新富士,新富士,"[1,3)",1,3,337,88172.70029673591,87500,78800,99200,88172.70029673591
2014,新富士,新富士,"[3,5)",3,5,490,78055.51020408161,74700,65300,94000,78055.51020408161
2014,新横浜,新横浜,"[0,1)",0,1,51,719333.3333333334,304000,294000,1560000,719333.3333333334
2014,新横浜,新横浜,"[1,3)",1,3,388,335226.80412371136,271000,227000,327000,335226.80412371136
2014,新横浜,新横浜,"[3,5)",3,5,1082,482794.8243992593,272000,223000,353000,482794.8243992593
2014,東京,東京,"[0,1)",0,1,238,8737857.142857144,6130000,2260000,11800000,6659285.714285719
2014,東京,東京,"[1,3)",1,3,1346,3444964.3387815636,1730000,1050000,3870000,3061160.475482896
2014,東京,東京,"[3,5)",3,5,2476,2392589.256865908,1250000,780000,2330000,2185157.915993538
2014,浜松,浜松,"[0,1)",0,1,153,257888.88888888882,233000,155000,300000,257888.88888888882
2014,浜松,浜松,"[1,3)",1,3,518,138083.0115830116,101000,87500,121000,138083.0115830116
2014,浜松,浜松,"[3,5)",3,5,921,111049.5114006516,87600,78100,107000,111049.5114006516
2014,熱海,熱海,"[0,1)",0,1,68,101625,102250,62125,141750,101625
2014,熱海,熱海,"[1,3)",1,3,115,82086.08695652176,64500,54700,140000,82086.08695652176
2014,熱海,熱海,"[3,5)",3,5,214,89705.1401869159,67500,54700,138000,89705.1401869159
2014,米原,米原,"[0,1)",0,1,34,72000,72000,69000,75000,72000
2014,米原,米原,"[1,3)",1,3,66,56571.21212121213,59400,33375,69000,59481.818181818184
2014,米原,米原,"[3,5)",3,5,149,46639.59731543625,57100,24700,63500,52587.91946308725
2014,豊橋,豊橋,"[0,1)",0,1,153,189600,125000,109000,151000,189600
2014,豊橋,豊橋,"[1,3)",1,3,399,129737.84461152872,106000,93300,123000,129737.84461152872
2014,豊橋,豊橋,"[3,5)",3,5,571,113887.39054290703,100000,82000,122000,114066.02451838864
2014,静岡,静岡,"[0,1)",0,1,221,449307.69230769255,300000,182000,535000,449307.69230769255
2014,静岡,静岡,"[1,3)",1,3,667,256672.26386806575,172000,154000,219000,256672.26386806575
2014,静岡,静岡,"[3,5)",3,5,980,209136.4285714282,157000,112000,189000,209136.4285714282
2015,三島,三島,"[0,1)",0,1,85,189600,176000,155000,180000,189600
2015,三島,三島,"[1,3)",1,3,335,136037.31343283583,127000,108000,143000,136037.31343283583
2015,三島,三島,"[3,5)",3,5,575,158236.86956521767,125000,100000,143000,158236.86956521767
2015,三河安城,三河安城,"[0,1)",0,1,51,150333.3333333333,144000,134000,173000,150333.3333333333
2015,三河安城,三河安城,"[1,3)",1,3,235,141206.3829787234,147000,137000,148000,141206.3829787234
2015,三河安城,三河安城,"[3,5)",3,5,496,134365.7258064516,142000,127000,148000,134365.7258064516
2015,京都,京都,"[0,1)",0,1,85,328600,267000,186000,370000,328600
2015,京都,京都,"[1,3)",1,3,641,551939.157566302,265000,188000,600000,551939.157566302
2015,京都,京都,"[3,5)",3,5,1186,421805.22765598755,253000,177000,460000,421805.22765598755
2015,名古屋,名古屋,"[0,1)",0,1,170,2652700,915000,368000,3250000,2652700
2015,名古屋,名古屋,"[1,3)",1,3,704,1035661.9318181798,270000,202000,1000000,1035661.9318181798
2015,名古屋,名古屋,"[3,5)",3,5,1488,610719.8924731172,231000,162000,368000,610719.8924731172
2015,品川,品川,"[0,1)",0,1,85,1684000,1210000,1080000,2260000,1684000
2015,品川,品川,"[1,3)",1,3,590,1301096.6101694927,1080000,750000,1750000,1301096.6101694927
2015,品川,品川,"[3,5)",3,5,1546,2203088.6157826576,1150000,720000,2660000,2153412.031047862
2015,小田原,小田原,"[0,1)",0,1,85,210000,167000,145000,240000,210000
2015,小田原,小田原,"[1,3)",1,3,199,166688.4422110553,138000,113000,167000,166688.4422110553
2015,小田原,小田原,"[3,5)",3,5,362,173385.35911602198,131000,113000,167000,173385.35911602198
2015,岐阜羽島,岐阜羽島,"[0,1)",0,1,51,44766.66666666667,47400,34000,52900,45033.33333333333
2015,岐阜羽島,岐阜羽島,"[1,3)",1,3,150,41854,43200,36300,47400,43208.66666666667
2015,岐阜羽島,岐阜羽島,"[3,5)",3,5,229,39717.03056768558,42600,34000,48000,42619.21397379912
2015,掛川,掛川,"[0,1)",0,1,102,86266.66666666667,70700,65800,104000,86266.66666666667
2015,掛川,掛川,"[1,3)",1,3,198,141233.33333333334,64400,49300,71800,141233.33333333334
2015,掛川,掛川,"[3,5)",3,5,226,123185.84070796469,61500,48000,71800,123847.78761061949
2015,新大阪,新大阪,"[0,1)",0,1,85,523200,527000,241000,675000,523200
2015,新大阪,新大阪,"[1,3)",1,3,454,377149.7797356827,253000,193000,527000,377149.7797356827
2015,新大阪,新大阪,"[3,5)",3,5,1333,625741.1852963218,256000,207000,530000,625741.1852963218
2015,新富士,新富士,"[0,1)",0,1,51,70800,71300,63600,77500,70800
2015,新富士,新富士,"[1,3)",1,3,337,87613.35311572702,86600,77500,98200,87613.35311572702
2015,新富士,新富士,"[3,5)",3,5,490,77436.73469387754,74500,63600,93200,77436.73469387754
2015,新横浜,新横浜,"[0,1)",0,1,51,737000,311000,300000,1600000,737000
2015,新横浜,新横浜,"[1,3)",1,3,388,342889.1752577322,277000,232000,334000,342889.1752577322
2015,新横浜,新横浜,"[3,5)",3,5,1082,501201.47874307126,278000,228000,365000,501201.47874307126
2015,東京,東京,"[0,1)",0,1,238,9553571.428571435,6550000,2380000,12900000,7246428.571428573
2015,東京,東京,"[1,3)",1,3,1363,3750231.8415260552,1850000,1130000,4070000,3311200.293470295
2015,東京,東京,"[3,5)",3,5,2475,2579341.414141412,1320000,804000,2460000,2339503.030303045
2015,浜松,浜松,"[0,1)",0,1,153,260000,237000,157000,300000,260000
2015,浜松,浜松,"[1,3)",1,3,518,139076.83397683417,102000,87800,122000,139076.83397683417
2015,浜松,浜松,"[3,5)",3,5,938,111147.4413646057,88600,78700,108000,111147.4413646057
2015,熱海,熱海,"[0,1)",0,1,68,101800,101850,61400,142250,101800
2015,熱海,熱海,"[1,3)",1,3,115,81902.60869565216,63700,53700,140000,81902.60869565216
2015,熱海,熱海,"[3,5)",3,5,214,88725.70093457945,67000,53700,136000,88725.70093457945
2015,米原,米原,"[0,1)",0,1,34,71800,71800,68800,74800,71800
2015,米原,米原,"[1,3)",1,3,66,56319.696969696975,59100,33075,68800,58998.48484848484
2015,米原,米原,"[3,5)",3,5,149,46155.70469798656,55500,24400,62000,51756.37583892617
2015,豊橋,豊橋,"[0,1)",0,1,153,190777.7777777777,132000,111000,151000,190777.7777777777
2015,豊橋,豊橋,"[1,3)",1,3,399,130290.72681704264,106000,93000,125000,130290.72681704264
2015,豊橋,豊橋,"[3,5)",3,5,571,114280.38528896665,100000,81500,124000,114429.2469352013
2015,静岡,静岡,"[0,1)",0,1,221,455000,303000,187000,543000,455000
2015,静岡,静岡,"[1,3)",1,3,667,258878.11094452738,173000,155000,222000,258878.11094452738
2015,静岡,静岡,"[3,5)",3,5,980,210840.81632653147,157000,115000,189000,210840.81632653147
2016,三島,三島,"[0,1)",0,1,85,190800,177000,156000,181000,190800
2016,三島,三島,"[1,3)",1,3,335,136679.104477612,128000,109000,144000,136679.104477612
2016,三島,三島,"[3,5)",3,5,575,158382.78260869582,126000,99000,144000,158382.78260869582
2016,三河安城,三河安城,"[0,1)",0,1,51,151333.3333333333,145000,136000,173000,151333.3333333333
2016,三河安城,三河安城,"[1,3)",1,3,235,142459.57446808513,148000,138000,150000,142459.57446808513
2016,三河安城,三河安城,"[3,5)",3,5,496,136009.8790322581,144000,129000,150000,136009.8790322581
2016,京都,京都,"[0,1)",0,1,85,353200,273000,188000,390000,353200
2016,京都,京都,"[1,3)",1,3,641,629453.9781591247,275000,200000,700000,629453.9781591247
2016,京都,京都,"[3,5)",3,5,1186,467783.30522765534,267000,178000,483000,467783.30522765534
2016,名古屋,名古屋,"[0,1)",0,1,187,3091000,1020000,373000,4300000,3091000
2016,名古屋,名古屋,"[1,3)",1,3,720,1220527.7777777752,310000,206000,1130000,1220527.7777777752
2016,名古屋,名古屋,"[3,5)",3,5,1487,714283.3893745771,239000,163000,400000,714283.3893745771
2016,品川,品川,"[0,1)",0,1,85,1814000,1270000,1120000,2600000,1814000
2016,品川,品川,"[1,3)",1,3,573,1349481.6753926685,1040000,773000,1830000,1349481.6753926685
2016,品川,品川,"[3,5)",3,5,1547,2509904.3309631604,1210000,749000,2850000,2346879.1208791262
2016,小田原,小田原,"[0,1)",0,1,85,209600,166000,145000,240000,209600
2016,小田原,小田原,"[1,3)",1,3,199,164904.52261306532,137000,112000,166000,164904.52261306532
2016,小田原,小田原,"[3,5)",3,5,362,172283.42541436452,129000,112000,166000,172283.42541436452
2016,岐阜羽島,岐阜羽島,"[0,1)",0,1,51,44566.66666666667,47400,33800,52500,44566.66666666667
2016,岐阜羽島,岐阜羽島,"[1,3)",1,3,150,41597.33333333333,42800,36200,47400,42787.33333333333
2016,岐阜羽島,岐阜羽島,"[3,5)",3,5,229,39422.707423580774,42300,33800,47400,42131.004366812216
2016,掛川,掛川,"[0,1)",0,1,102,85716.66666666667,70250,65800,103000,85716.66666666667
2016,掛川,掛川,"[1,3)",1,3,198,138897.47474747483,64000,49200,71800,138897.47474747483
2016,掛川,掛川,"[3,5)",3,5,226,121140.70796460171,61200,47000,71800,121757.52212389388
2016,新大阪,新大阪,"[0,1)",0,1,85,539200,538000,243000,682000,539200
2016,新大阪,新大阪,"[1,3)",1,3,454,394460.3524229071,258000,193000,538000,394460.3524229071
2016,新大阪,新大阪,"[3,5)",3,5,1299,703870.6697459632,260000,207000,585000,703870.6697459632
2016,新富士,新富士,"[0,1)",0,1,51,69600,70000,62600,76200,69600
2016,新富士,新富士,"[1,3)",1,3,337,86902.67062314539,85800,76200,97300,86902.67062314539
2016,新富士,新富士,"[3,5)",3,5,490,76699.18367346942,74000,62600,92800,76699.18367346942
2016,新横浜,新横浜,"[0,1)",0,1,51,760333.3333333335,317000,304000,1660000,760333.3333333335
2016,新横浜,新横浜,"[1,3)",1,3,388,350770.61855670135,284000,238000,341000,350770.61855670135
2016,新横浜,新横浜,"[3,5)",3,5,1099,674078.2529572349,285000,232000,375000,674078.2529572349
2016,東京,東京,"[0,1)",0,1,238,10795000,7255000,2530000,14600000,8137857.142857148
2016,東京,東京,"[1,3)",1,3,1363,4170076.302274377,1970000,1220000,4280000,3634859.8679383723
2016,東京,東京,"[3,5)",3,5,2476,2840383.2794830217,1400000,833000,2600000,2548945.476575108
2016,浜松,浜松,"[0,1)",0,1,153,263555.5555555555,245000,158000,303000,263555.5555555555
2016,浜松,浜松,"[1,3)",1,3,518,140527.9922779921,103000,87900,123000,140527.9922779921
2016,浜松,浜松,"[3,5)",3,5,938,111848.61407249495,88600,78850,109000,111872.17484008535
2016,熱海,熱海,"[0,1)",0,1,68,102100,101700,61050,142750,102100
2016,熱海,熱海,"[1,3)",1,3,115,81921.73913043475,63400,53300,140000,81921.73913043475
2016,熱海,熱海,"[3,5)",3,5,214,87676.16822429905,66700,53500,132000,87676.16822429905
2016,米原,米原,"[0,1)",0,1,34,71600,71600,68600,74600,71600
2016,米原,米原,"[1,3)",1,3,66,56068.181818181816,58800,32775,68600,58566.666666666664
2016,米原,米原,"[3,5)",3,5,149,45660.40268456375,54000,24100,60500,50980.536912751675
2016,豊橋,豊橋,"[0,1)",0,1,153,191055.55555555547,136000,112000,151000,191055.55555555547
2016,豊橋,豊橋,"[1,3)",1,3,399,130275.93984962402,105000,92750,125000,130275.93984962402
2016,豊橋,豊橋,"[3,5)",3,5,571,114194.39579684772,99500,80400,124000,114319.43957968464
2016,静岡,静岡,"[0,1)",0,1,221,468615.38461538486,316000,190000,560000,468615.38461538486
2016,静岡,静岡,"[1,3)",1,3,667,263702.5487256368,174000,155000,225000,263702.5487256368
2016,静岡,静岡,"[3,5)",3,5,980,214024.89795918346,158000,115000,192000,214024.89795918346
2017,三島,三島,"[0,1)",0,1,85,191800,178000,156000,182000,191800
2017,三島,三島,"[1,3)",1,3,335,137034.62686567163,128000,110000,144000,137034.62686567163
2017,三島,三島,"[3,5)",3,5,575,158402.60869565204,126000,99000,144000,158402.60869565204
2017,三河安城,三河安城,"[0,1)",0,1,51,153666.6666666667,146000,138000,177000,153666.6666666667
2017,三河安城,三河安城,"[1,3)",1,3,235,144180.42553191487,148000,140000,152000,144180.42553191487
2017,三河安城,三河安城,"[3,5)",3,5,496,137918.14516129033,146000,131000,152000,137918.14516129033
2017,京都,京都,"[0,1)",0,1,85,402200,287000,194000,427000,402200
2017,京都,京都,"[1,3)",1,3,641,740645.8658346321,350000,205000,805000,740645.8658346321
2017,京都,京都,"[3,5)",3,5,1186,536450.2529510956,279000,179000,550000,536450.2529510956
2017,名古屋,名古屋,"[0,1)",0,1,187,3660272.7272727303,1250000,397000,5510000,3660272.7272727303
2017,名古屋,名古屋,"[1,3)",1,3,720,1417105.5555555576,362000,212000,1330000,1417105.5555555576
2017,名古屋,名古屋,"[3,5)",3,5,1487,816267.2494956317,246000,163000,436000,816267.2494956317
2017,品川,品川,"[0,1)",0,1,85,1950000,1330000,1170000,2950000,1950000
2017,品川,品川,"[1,3)",1,3,573,1423178.0104712022,1060000,808000,1910000,1423178.0104712022
2017,品川,品川,"[3,5)",3,5,1563,2780214.971209216,1260000,776000,3150000,2574328.8547664667
2017,小田原,小田原,"[0,1)",0,1,85,208400,165000,145000,236000,208400
2017,小田原,小田原,"[1,3)",1,3,199,162884.42211055272,136000,111000,165000,162884.42211055272
2017,小田原,小田原,"[3,5)",3,5,362,170072.0994475137,128000,111000,165000,170072.0994475137
2017,岐阜羽島,岐阜羽島,"[0,1)",0,1,51,44366.66666666667,47300,33600,52200,44366.66666666667
2017,岐阜羽島,岐阜羽島,"[1,3)",1,3,150,41284,42400,36000,47300,42390.58666666667
2017,岐阜羽島,岐阜羽島,"[3,5)",3,5,246,38015.8536585366,41800,23600,47300,41006.86178861787
2017,掛川,掛川,"[0,1)",0,1,102,85283.33333333333,70050,65800,102000,85283.33333333333
2017,掛川,掛川,"[1,3)",1,3,198,136824.2424242426,63800,49100,71800,136824.2424242426
2017,掛川,掛川,"[3,5)",3,5,226,119300,61000,46000,71800,119866.26548672566
2017,新大阪,新大阪,"[0,1)",0,1,85,567000,549000,245000,688000,567000
2017,新大阪,新大阪,"[1,3)",1,3,454,416433.9207048462,263000,193000,549000,416433.9207048462
2017,新大阪,新大阪,"[3,5)",3,5,1299,758692.0708237159,263000,207000,645000,758692.0708237159
2017,新富士,新富士,"[0,1)",0,1,51,68500,68800,61700,75000,68500
2017,新富士,新富士,"[1,3)",1,3,337,86377.74480712163,85300,75000,96800,86377.74480712163
2017,新富士,新富士,"[3,5)",3,5,490,76731.22448979587,73500,63500,92300,76731.22448979587
2017,新横浜,新横浜,"[0,1)",0,1,51,793333.3333333335,322000,308000,1750000,793333.3333333335
2017,新横浜,新横浜,"[1,3)",1,3,405,356160.49382716056,282000,246000,322000,356160.49382716056
2017,新横浜,新横浜,"[3,5)",3,5,1098,726489.0710382548,297000,237000,385000,726489.0710382548
2017,東京,東京,"[0,1)",0,1,221,11716923.07692306,6450000,2690000,16000000,8586153.84615384
2017,東京,東京,"[1,3)",1,3,1364,4472221.407624605,2090000,1290000,4630000,3852719.941348947
2017,東京,東京,"[3,5)",3,5,2476,3039131.6639741776,1530000,871000,2810000,2702459.612277842
2017,浜松,浜松,"[0,1)",0,1,153,268111.1111111112,251000,159000,307000,268111.1111111112
2017,浜松,浜松,"[1,3)",1,3,518,142158.68725868745,103000,88000,125000,142158.68725868745
2017,浜松,浜松,"[3,5)",3,5,938,112568.76332622618,88600,79000,112000,112607.33049040532
2017,熱海,熱海,"[0,1)",0,1,68,102375,101500,60625,143250,102375
2017,熱海,熱海,"[1,3)",1,3,115,82000.86956521738,63000,53200,140000,82000.86956521738
2017,熱海,熱海,"[3,5)",3,5,214,86624.76635514021,66500,53200,128000,86624.76635514021
2017,米原,米原,"[0,1)",0,1,34,71600,71600,68600,74600,71600
2017,米原,米原,"[1,3)",1,3,66,56016.66666666666,58800,32625,68600,58274.06060606061
2017,米原,米原,"[3,5)",3,5,166,46863.85542168673,52800,23900,60300,51346.98795180724
2017,豊橋,豊橋,"[0,1)",0,1,153,191722.2222222223,140000,112000,153000,191722.2222222223
2017,豊橋,豊橋,"[1,3)",1,3,399,130346.11528822062,105000,92750,125000,130346.11528822062
2017,豊橋,豊橋,"[3,5)",3,5,571,114208.75656742543,99500,80600,124000,114305.9334500875
2017,静岡,静岡,"[0,1)",0,1,221,478846.15384615393,326000,193000,577000,478846.15384615393
2017,静岡,静岡,"[1,3)",1,3,667,267670.31484257913,176000,155000,228000,267670.31484257913
2017,静岡,静岡,"[3,5)",3,5,980,216645.71428571502,159000,115000,193000,216645.71428571502
2018,三島,三島,"[0,1)",0,1,85,193000,179000,157000,183000,193000
2018,三島,三島,"[1,3)",1,3,335,137747.46268656722,129000,110000,150000,137747.46268656722
2018,三島,三島,"[3,5)",3,5,575,145194.4347826088,126000,98000,145000,145194.4347826088
2018,三河安城,三河安城,"[0,1)",0,1,51,157666.6666666667,149000,143000,181000,157666.6666666667
2018,三河安城,三河安城,"[1,3)",1,3,235,146972.3404255319,151000,143000,155000,146972.3404255319
2018,三河安城,三河安城,"[3,5)",3,5,496,140687.09677419355,149000,133000,154000,140687.09677419355
2018,京都,京都,"[0,1)",0,1,85,474200,320000,200000,500000,474200
2018,京都,京都,"[1,3)",1,3,641,873936.0374414996,380000,218000,958000,873936.0374414996
2018,京都,京都,"[3,5)",3,5,1186,620491.568296799,302000,180000,633000,620491.568296799
2018,名古屋,名古屋,"[0,1)",0,1,187,4080363.6363636414,1430000,436000,6320000,4080363.6363636414
2018,名古屋,名古屋,"[1,3)",1,3,720,1606140.2777777738,399000,217000,1570000,1606140.2777777738
2018,名古屋,名古屋,"[3,5)",3,5,1487,917912.3739071904,260000,164000,494000,917912.3739071904
2018,品川,品川,"[0,1)",0,1,85,2100000,1420000,1220000,3300000,2100000
2018,品川,品川,"[1,3)",1,3,573,1521940.663176263,1110000,865000,2080000,1521940.663176263
2018,品川,品川,"[3,5)",3,5,1563,3023892.5143954013,1350000,845000,3540000,2795357.645553419
2018,小田原,小田原,"[0,1)",0,1,85,210000,164000,145000,234000,210000
2018,小田原,小田原,"[1,3)",1,3,199,162288.94472361804,135000,110000,164000,162288.94472361804
2018,小田原,小田原,"[3,5)",3,5,362,168981.76795580098,130000,110000,164000,168981.76795580098
2018,岐阜羽島,岐阜羽島,"[0,1)",0,1,51,44166.66666666667,47200,33400,51900,44166.66666666667
2018,岐阜羽島,岐阜羽島,"[1,3)",1,3,150,40993.33333333333,41900,35800,47200,41922.66666666667
2018,岐阜羽島,岐阜羽島,"[3,5)",3,5,246,37673.983739837386,41400,23000,47200,40239.02439024389
2018,掛川,掛川,"[0,1)",0,1,102,84900,69900,65800,101000,84900
2018,掛川,掛川,"[1,3)",1,3,198,134766.66666666663,63800,49100,71800,134766.66666666663
2018,掛川,掛川,"[3,5)",3,5,226,117518.5840707966,60800,45200,71800,117864.60176991166
2018,新大阪,新大阪,"[0,1)",0,1,85,604600,571000,247000,698000,604600
2018,新大阪,新大阪,"[1,3)",1,3,454,447960.3524229071,267000,207000,625000,447960.3524229071
2018,新大阪,新大阪,"[3,5)",3,5,1299,823705.9276366383,266000,209000,710000,823705.9276366383
2018,新富士,新富士,"[0,1)",0,1,51,67833.33333333333,68000,60700,74800,67833.33333333333
2018,新富士,新富士,"[1,3)",1,3,337,85924.62908011867,85100,74800,96500,85924.62908011867
2018,新富士,新富士,"[3,5)",3,5,490,76264.08163265309,73200,62700,92100,76264.08163265309
2018,新横浜,新横浜,"[0,1)",0,1,51,846666.6666666667,328000,312000,1900000,846666.6666666667
2018,新横浜,新横浜,"[1,3)",1,3,405,370792.59259259223,287000,256000,328000,370792.59259259223
2018,新横浜,新横浜,"[3,5)",3,5,1064,804665.4135338331,310000,243000,410000,804665.4135338331
2018,東京,東京,"[0,1)",0,1,221,12400769.230769219,7090000,2880000,17300000,9216153.84615384
2018,東京,東京,"[1,3)",1,3,1364,4810925.953079158,2270000,1400000,5110000,4158286.65689148
2018,東京,東京,"[3,5)",3,5,2476,3265865.9127625576,1650000,941000,2880000,2911746.365105025
2018,浜松,浜松,"[0,1)",0,1,153,274777.7777777777,254000,161000,318000,274777.7777777777
2018,浜松,浜松,"[1,3)",1,3,518,144701.15830115855,105000,88400,130000,144701.15830115855
2018,浜松,浜松,"[3,5)",3,5,938,114086.35394456303,90500,79225,115000,114122.60127931747
2018,熱海,熱海,"[0,1)",0,1,68,103625,102250,60125,145750,103625
2018,熱海,熱海,"[1,3)",1,3,115,82622.60869565216,62500,53000,142000,82622.60869565216
2018,熱海,熱海,"[3,5)",3,5,214,85960.28037383179,66300,53000,126000,85960.28037383179
2018,米原,米原,"[0,1)",0,1,34,71650,71650,68700,74600,71650
2018,米原,米原,"[1,3)",1,3,66,56040.9090909091,58800,32625,68700,57792.42424242423
2018,米原,米原,"[3,5)",3,5,166,46709.638554216865,52200,23900,60200,50642.1686746988
2018,豊橋,豊橋,"[0,1)",0,1,153,194611.11111111118,145000,112000,161000,194611.11111111118
2018,豊橋,豊橋,"[1,3)",1,3,399,131324.81203007523,105000,92750,125000,131324.81203007523
2018,豊橋,豊橋,"[3,5)",3,5,571,114859.54465849383,99000,80300,124000,114904.20315236438
2018,静岡,静岡,"[0,1)",0,1,221,488846.153846154,337000,196000,593000,488846.153846154
2018,静岡,静岡,"[1,3)",1,3,667,271484.5577211398,176000,155000,235000,271484.5577211398
2018,静岡,静岡,"[3,5)",3,5,980,219095.91836734617,159000,115000,196000,219095.91836734617
2019,三島,三島,"[0,1)",0,1,85,194400,180000,159000,184000,194400
2019,三島,三島,"[1,3)",1,3,335,138376.1194029851,130000,110000,151000,138376.1194029851
2019,三島,三島,"[3,5)",3,5,575,144814.4347826088,127000,97000,146000,144814.4347826088
2019,三河安城,三河安城,"[0,1)",0,1,51,163000,155000,148000,186000,163000
2019,三河安城,三河安城,"[1,3)",1,3,235,151208.51063829788,155000,149000,159000,151208.51063829788
2019,三河安城,三河安城,"[3,5)",3,5,496,145183.87096774188,152000,138000,157000,145183.87096774188
2019,京都,京都,"[0,1)",0,1,85,565600,352000,206000,550000,565600
2019,京都,京都,"[1,3)",1,3,641,1030758.1903276119,428000,231000,1060000,1030758.1903276119
2019,京都,京都,"[3,5)",3,5,1186,717784.1483979734,320000,183000,700000,717784.1483979734
2019,名古屋,名古屋,"[0,1)",0,1,187,4425454.545454545,1730000,480000,6650000,4425454.545454545
2019,名古屋,名古屋,"[1,3)",1,3,720,1795093.055555555,480000,230000,1890000,1795093.055555555
2019,名古屋,名古屋,"[3,5)",3,5,1487,1021890.3833221294,273000,168000,551000,1021890.3833221294
2019,品川,品川,"[0,1)",0,1,85,2280000,1510000,1300000,3670000,2280000
2019,品川,品川,"[1,3)",1,3,573,1636551.4834205955,1200000,910000,2330000,1636551.4834205955
2019,品川,品川,"[3,5)",3,5,1627,3292562.3847571984,1500000,900000,3950000,3080146.896127855
2019,小田原,小田原,"[0,1)",0,1,85,211000,163000,145000,232000,211000
2019,小田原,小田原,"[1,3)",1,3,199,161725.6281407035,134000,109000,163000,161725.6281407035
2019,小田原,小田原,"[3,5)",3,5,362,167862.70718232024,130000,107000,163000,167862.70718232024
2019,岐阜羽島,岐阜羽島,"[0,1)",0,1,51,44100,47100,33400,51800,44100
2019,岐阜羽島,岐阜羽島,"[1,3)",1,3,150,40756.666666666664,41400,35600,47100,41912.666666666664
2019,岐阜羽島,岐阜羽島,"[3,5)",3,5,246,37378.455284552845,41000,22700,47100,40495.12195121951
2019,掛川,掛川,"[0,1)",0,1,102,84700,69800,65800,100000,84700
2019,掛川,掛川,"[1,3)",1,3,198,132901.01010101044,63800,49100,71800,132901.01010101044
2019,掛川,掛川,"[3,5)",3,5,226,115922.56637168153,60800,45000,71800,116576.99115044245
2019,新大阪,新大阪,"[0,1)",0,1,85,771000,732000,250000,816000,771000
2019,新大阪,新大阪,"[1,3)",1,3,454,516636.56387665245,271000,207000,738000,516636.56387665245
2019,新大阪,新大阪,"[3,5)",3,5,1299,1005264.8190916039,269000,210000,817000,964695.1501154762
2019,新富士,新富士,"[0,1)",0,1,51,67366.66666666667,67500,60000,74600,67366.66666666667
2019,新富士,新富士,"[1,3)",1,3,337,85575.66765578634,85100,74600,96400,85575.66765578634
2019,新富士,新富士,"[3,5)",3,5,490,75889.79591836737,72900,62000,92000,75889.79591836737
2019,新横浜,新横浜,"[0,1)",0,1,51,940333.3333333334,335000,316000,2170000,940333.3333333334
2019,新横浜,新横浜,"[1,3)",1,3,405,388609.8765432105,293000,265000,335000,388609.8765432105
2019,新横浜,新横浜,"[3,5)",3,5,1064,874903.1954887224,319000,248000,415000,874903.1954887224
2019,東京,東京,"[0,1)",0,1,238,12237857.14285715,6775000,2790000,18600000,9337857.14285715
2019,東京,東京,"[1,3)",1,3,1448,5021395.71823205,2520000,1540000,5660000,4418978.5911602285
2019,東京,東京,"[3,5)",3,5,2591,3467236.974141267,1790000,1010000,3160000,3135627.5569277895
2019,浜松,浜松,"[0,1)",0,1,153,286333.3333333334,259000,164000,336000,286333.3333333334
2019,浜松,浜松,"[1,3)",1,3,518,148884.94208494213,107000,89000,137000,148884.94208494213
2019,浜松,浜松,"[3,5)",3,5,938,116709.59488272936,91800,79875,117000,116869.08315565014
2019,熱海,熱海,"[0,1)",0,1,68,107125,105000,59625,152500,107125
2019,熱海,熱海,"[1,3)",1,3,115,84452.17391304349,62000,52500,148000,84452.17391304349
2019,熱海,熱海,"[3,5)",3,5,214,86121.02803738315,65800,52500,125000,86121.02803738315
2019,米原,米原,"[0,1)",0,1,34,71650,71650,68700,74600,71650
2019,米原,米原,"[1,3)",1,3,66,56040.9090909091,58800,32625,68700,58230.303030303025
2019,米原,米原,"[3,5)",3,5,166,46545.78313253012,51600,23900,60100,51041.56626506024
2019,豊橋,豊橋,"[0,1)",0,1,153,198388.8888888888,149000,112000,170000,198388.8888888888
2019,豊橋,豊橋,"[1,3)",1,3,382,134396.59685863886,107000,92000,129000,134396.59685863886
2019,豊橋,豊橋,"[3,5)",3,5,572,115967.83216783215,100000,80000,126000,116065.90909090915
2019,静岡,静岡,"[0,1)",0,1,221,499384.61538461526,347000,197000,605000,499384.61538461526
2019,静岡,静岡,"[1,3)",1,3,667,275382.6086956523,176000,155000,241000,275382.6086956523
2019,静岡,静岡,"[3,5)",3,5,980,221604.79591836696,159000,115000,197000,221604.79591836696
2020,三島,三島,"[0,1)",0,1,85,195200,180000,160000,184000,195200
2020,三島,三島,"[1,3)",1,3,335,138308.3582089552,128000,109000,151000,138308.3582089552
2020,三島,三島,"[3,5)",3,5,575,143802.2608695651,127000,96000,146000,143802.2608695651
2020,三河安城,三河安城,"[0,1)",0,1,51,162000,155000,148000,183000,162000
2020,三河安城,三河安城,"[1,3)",1,3,252,150059.52380952382,154000,148000,160000,150059.52380952382
2020,三河安城,三河安城,"[3,5)",3,5,512,144917.3828125,152000,138000,157000,144917.3828125
2020,京都,京都,"[0,1)",0,1,85,568200,366000,209000,562000,568200
2020,京都,京都,"[1,3)",1,3,641,1064446.1778471111,435000,231000,1080000,1064446.1778471111
2020,京都,京都,"[3,5)",3,5,1186,737370.4890387842,323000,184000,695000,737370.4890387842
2020,名古屋,名古屋,"[0,1)",0,1,187,4355454.545454545,1680000,475000,6450000,4355454.545454545
2020,名古屋,名古屋,"[1,3)",1,3,737,1732610.5834464068,475000,228000,1680000,1732610.5834464068
2020,名古屋,名古屋,"[3,5)",3,5,1520,992551.3157894817,278000,167000,552000,992551.3157894817
2020,品川,品川,"[0,1)",0,1,85,2370000,1560000,1320000,3950000,2370000
2020,品川,品川,"[1,3)",1,3,573,1676797.5567190205,1220000,920000,2430000,1676797.5567190205
2020,品川,品川,"[3,5)",3,5,1627,3350596.1893054647,1520000,905000,4030000,3121524.2778119333
2020,小田原,小田原,"[0,1)",0,1,85,209400,161000,144000,229000,209400
2020,小田原,小田原,"[1,3)",1,3,199,159707.03517587934,132000,108000,161000,159707.03517587934
2020,小田原,小田原,"[3,5)",3,5,362,165717.40331491694,128000,104000,161000,165717.40331491694
2020,岐阜羽島,岐阜羽島,"[0,1)",0,1,51,44000,47000,33400,51600,44000
2020,岐阜羽島,岐阜羽島,"[1,3)",1,3,150,40282.666666666664,40600,35200,47000,41450
2020,岐阜羽島,岐阜羽島,"[3,5)",3,5,246,36877.23577235772,40300,22300,47000,40055.691056910575
2020,掛川,掛川,"[0,1)",0,1,102,82883.33333333333,68900,65500,96500,82883.33333333333
2020,掛川,掛川,"[1,3)",1,3,198,130105.55555555536,63500,48600,71300,130105.55555555536
2020,掛川,掛川,"[3,5)",3,5,226,113504.42477876096,60500,44500,71300,114196.46017699104
2020,新大阪,新大阪,"[0,1)",0,1,85,847400,776000,252000,882000,847400
2020,新大阪,新大阪,"[1,3)",1,3,454,539947.1365638773,271000,207000,776000,539947.1365638773
2020,新大阪,新大阪,"[3,5)",3,5,1299,1073553.5026943872,272000,210000,874000,993722.8637413407
2020,新富士,新富士,"[0,1)",0,1,51,66400,66200,59000,74000,66400
2020,新富士,新富士,"[1,3)",1,3,337,84696.43916913946,84900,74000,95400,84696.43916913946
2020,新富士,新富士,"[3,5)",3,5,490,75061.83673469389,72400,61000,91000,75061.83673469389
2020,新横浜,新横浜,"[0,1)",0,1,51,971333.3333333334,338000,316000,2260000,971333.3333333334
2020,新横浜,新横浜,"[1,3)",1,3,405,395767.9012345684,296000,271000,343000,395767.9012345684
2020,新横浜,新横浜,"[3,5)",3,5,1064,892488.7218045152,324000,250000,417000,892488.7218045152
2020,東京,東京,"[0,1)",0,1,221,11586153.846153839,5820000,2810000,15500000,8363076.923076919
2020,東京,東京,"[1,3)",1,3,1449,4861847.481021387,2580000,1560000,5420000,4244318.15044859
2020,東京,東京,"[3,5)",3,5,2591,3394316.094172119,1840000,1050000,3310000,3054061.366267832
2020,浜松,浜松,"[0,1)",0,1,153,280222.2222222223,252000,162000,326000,280222.2222222223
2020,浜松,浜松,"[1,3)",1,3,518,146959.6525096528,106000,88800,137000,146959.6525096528
2020,浜松,浜松,"[3,5)",3,5,938,115481.55650319808,91200,79425,116000,115684.54157782503
2020,熱海,熱海,"[0,1)",0,1,68,106750,104650,58900,152500,106750
2020,熱海,熱海,"[1,3)",1,3,115,83962.60869565218,61300,51700,148000,83962.60869565218
2020,熱海,熱海,"[3,5)",3,5,214,84865.88785046732,64000,51700,122000,84865.88785046732
2020,米原,米原,"[0,1)",0,1,34,71450,71450,68700,74200,71450
2020,米原,米原,"[1,3)",1,3,66,55866.666666666664,58500,32550,68700,58004.54545454544
2020,米原,米原,"[3,5)",3,5,166,46150.602409638544,50800,23900,59500,50678.31325301205
2020,豊橋,豊橋,"[0,1)",0,1,153,199944.44444444453,150000,112000,172000,199944.44444444453
2020,豊橋,豊橋,"[1,3)",1,3,382,134951.83246073287,107000,92000,129000,134951.83246073287
2020,豊橋,豊橋,"[3,5)",3,5,572,116316.08391608407,100000,80000,126000,116420.10489510484
2020,静岡,静岡,"[0,1)",0,1,221,491692.3076923076,336000,196000,590000,491692.3076923076
2020,静岡,静岡,"[1,3)",1,3,667,272094.3028485752,174000,154000,244000,272094.3028485752
2020,静岡,静岡,"[3,5)",3,5,980,218914.8979591839,157000,114000,196000,218914.8979591839
2021,三島,三島,"[0,1)",0,1,85,196400,180000,161000,185000,196400
2021,三島,三島,"[1,3)",1,3,335,138503.58208955228,127000,108000,152000,138503.58208955228
2021,三島,三島,"[3,5)",3,5,592,144237.331081081,127000,94500,147000,144237.331081081
2021,三河安城,三河安城,"[0,1)",0,1,51,163333.3333333333,157000,150000,183000,163333.3333333333
2021,三河安城,三河安城,"[1,3)",1,3,252,151966.26984126985,154000,149000,164000,151966.26984126985
2021,三河安城,三河安城,"[3,5)",3,5,512,147305.46875,154000,139000,162000,147305.46875
2021,京都,京都,"[0,1)",0,1,85,563600,355000,213000,562000,563600
2021,京都,京都,"[1,3)",1,3,641,1058780.0312012509,434000,228000,1100000,1058780.0312012509
2021,京都,京都,"[3,5)",3,5,1203,733965.9185369909,327000,191000,695000,733965.9185369909
2021,名古屋,名古屋,"[0,1)",0,1,187,4548363.636363634,1800000,505000,6660000,4548363.636363634
2021,名古屋,名古屋,"[1,3)",1,3,737,1826887.3812754417,505000,235000,1800000,1826887.3812754417
2021,名古屋,名古屋,"[3,5)",3,5,1520,1043929.7368421111,282000,175000,578000,1043929.7368421111
2021,品川,品川,"[0,1)",0,1,85,2392000,1550000,1340000,3950000,2392000
2021,品川,品川,"[1,3)",1,3,573,1683726.0034904035,1220000,920000,2410000,1683726.0034904035
2021,品川,品川,"[3,5)",3,5,1627,3316765.8266748595,1520000,902000,4030000,3127583.2821143363
2021,小田原,小田原,"[0,1)",0,1,85,208000,159000,143000,227000,208000
2021,小田原,小田原,"[1,3)",1,3,199,159221.10552763825,130000,107000,159000,159221.10552763825
2021,小田原,小田原,"[3,5)",3,5,362,164621.27071823223,127000,103000,159000,164621.27071823223
2021,岐阜羽島,岐阜羽島,"[0,1)",0,1,51,44133.33333333333,47000,33900,51500,44133.33333333333
2021,岐阜羽島,岐阜羽島,"[1,3)",1,3,150,39974,40000,35000,47000,41164
2021,岐阜羽島,岐阜羽島,"[3,5)",3,5,246,36508.13008130082,39600,22100,47000,39747.9674796748
2021,掛川,掛川,"[0,1)",0,1,102,82150,68450,65300,95300,82150
2021,掛川,掛川,"[1,3)",1,3,198,128307.57575757553,63400,48400,71200,128307.57575757553
2021,掛川,掛川,"[3,5)",3,5,226,111950.88495575197,60400,44300,71200,112680.53097345143
2021,新大阪,新大阪,"[0,1)",0,1,85,834200,764000,254000,866000,834200
2021,新大阪,新大阪,"[1,3)",1,3,454,533464.7577092514,271000,207000,773000,533464.7577092514
2021,新大阪,新大阪,"[3,5)",3,5,1299,1049020.7852194055,272000,210000,859000,995364.1262509625
2021,新富士,新富士,"[0,1)",0,1,51,65900,65700,58500,73500,65900
2021,新富士,新富士,"[1,3)",1,3,337,84024.92581602375,84700,73500,94400,84024.92581602375
2021,新富士,新富士,"[3,5)",3,5,490,74402.24489795919,71800,60200,90200,74402.24489795919
2021,新横浜,新横浜,"[0,1)",0,1,51,979333.3333333335,342000,316000,2280000,979333.3333333335
2021,新横浜,新横浜,"[1,3)",1,3,405,400619.75308642053,303000,276000,350000,400619.75308642053
2021,新横浜,新横浜,"[3,5)",3,5,1064,937307.3308270717,323000,252000,427000,937307.3308270717
2021,東京,東京,"[0,1)",0,1,221,11335384.615384607,5750000,2770000,15200000,8504615.384615382
2021,東京,東京,"[1,3)",1,3,1432,4810617.318435752,2650000,1610000,5410000,4279541.899441338
2021,東京,東京,"[3,5)",3,5,2592,3341845.6790123833,1850000,1050000,3270000,3052339.5061727962
2021,浜松,浜松,"[0,1)",0,1,153,274444.4444444445,245000,160000,318000,274444.4444444445
2021,浜松,浜松,"[1,3)",1,3,518,145396.13899613885,104000,88800,137000,145396.13899613885
2021,浜松,浜松,"[3,5)",3,5,938,114598.61407249497,91200,79475,116000,114846.9083155648
2021,熱海,熱海,"[0,1)",0,1,68,110975,108500,58475,161000,110975
2021,熱海,熱海,"[1,3)",1,3,115,86092.17391304349,61000,50900,156000,86092.17391304349
2021,熱海,熱海,"[3,5)",3,5,214,85318.22429906548,62800,50900,120000,85318.22429906548
2021,米原,米原,"[0,1)",0,1,34,71250,71250,68700,73800,71250
2021,米原,米原,"[1,3)",1,3,66,55769.696969696975,58500,32550,68700,57881.81818181819
2021,米原,米原,"[3,5)",3,5,166,45876.50602409638,50500,23900,59000,50466.26506024096
2021,豊橋,豊橋,"[0,1)",0,1,153,201833.33333333337,154000,113000,174000,201833.33333333337
2021,豊橋,豊橋,"[1,3)",1,3,382,135592.67015706797,107000,92000,129000,135592.67015706797
2021,豊橋,豊橋,"[3,5)",3,5,572,116633.91608391592,99000,80000,127000,116749.8251748251
2021,静岡,静岡,"[0,1)",0,1,221,491769.23076923087,329000,196000,585000,491769.23076923087
2021,静岡,静岡,"[1,3)",1,3,667,272666.2668665665,174000,155000,247000,272666.2668665665
2021,静岡,静岡,"[3,5)",3,5,980,219303.06122448941,157000,114000,196000,219303.06122448941
2022,三島,三島,"[0,1)",0,1,85,198800,182000,163000,187000,198800
2022,三島,三島,"[1,3)",1,3,335,139264.47761194027,128000,107000,154000,139264.47761194027
2022,三島,三島,"[3,5)",3,5,592,144001.18243243228,125000,94000,148000,144001.18243243228
2022,三河安城,三河安城,"[0,1)",0,1,51,169666.66666666666,164000,156000,189000,169666.66666666666
2022,三河安城,三河安城,"[1,3)",1,3,252,158738.09523809524,162000,155000,172000,158738.09523809524
2022,三河安城,三河安城,"[3,5)",3,5,512,153757.8125,159000,144000,172000,153757.8125
2022,京都,京都,"[0,1)",0,1,68,677000,467500,319750,824750,677000
2022,京都,京都,"[1,3)",1,3,642,1193090.3426791308,503000,236000,1250000,1193090.3426791308
2022,京都,京都,"[3,5)",3,5,1220,797804.9180327873,335000,194000,850000,797804.9180327873
2022,名古屋,名古屋,"[0,1)",0,1,187,4696909.090909089,1950000,545000,6840000,4696909.090909089
2022,名古屋,名古屋,"[1,3)",1,3,737,1907063.7720488454,545000,237000,1950000,1907063.7720488454
2022,名古屋,名古屋,"[3,5)",3,5,1520,1089461.578947371,301000,181000,615000,1089461.578947371
2022,品川,品川,"[0,1)",0,1,85,2450000,1590000,1380000,4030000,2450000
2022,品川,品川,"[1,3)",1,3,556,1694539.568345321,1260000,948000,1900000,1694539.568345321
2022,品川,品川,"[3,5)",3,5,1628,3357556.511056523,1560000,924000,4140000,3175431.203931198
2022,小田原,小田原,"[0,1)",0,1,85,207600,157000,142000,226000,207600
2022,小田原,小田原,"[1,3)",1,3,199,158436.68341708533,128000,106000,157000,158436.68341708533
2022,小田原,小田原,"[3,5)",3,5,362,163759.39226519354,126000,103000,157000,163759.39226519354
2022,岐阜羽島,岐阜羽島,"[0,1)",0,1,51,44600,47400,34400,52000,44600
2022,岐阜羽島,岐阜羽島,"[1,3)",1,3,150,39896.666666666664,39600,34800,47400,41109.333333333336
2022,岐阜羽島,岐阜羽島,"[3,5)",3,5,246,36323.98373983739,39300,22000,47400,39639.0243902439
2022,掛川,掛川,"[0,1)",0,1,102,81916.66666666667,68450,65200,94900,81916.66666666667
2022,掛川,掛川,"[1,3)",1,3,198,127232.82828282838,63500,48400,71500,127232.82828282838
2022,掛川,掛川,"[3,5)",3,5,226,111028.7610619468,60400,44200,71500,111788.49557522123
2022,新大阪,新大阪,"[0,1)",0,1,85,825800,756000,259000,854000,825800
2022,新大阪,新大阪,"[1,3)",1,3,454,541533.0396475771,271000,210000,799000,541533.0396475771
2022,新大阪,新大阪,"[3,5)",3,5,1299,1053083.9107005366,278000,213000,884000,1011205.542725177
2022,新富士,新富士,"[0,1)",0,1,51,65466.66666666667,65200,58200,73000,65466.66666666667
2022,新富士,新富士,"[1,3)",1,3,337,83700.89020771514,84500,73000,93800,83700.89020771514
2022,新富士,新富士,"[3,5)",3,5,490,74040.81632653058,71400,59300,89700,74040.81632653058
2022,新横浜,新横浜,"[0,1)",0,1,51,1009000,348000,319000,2360000,1009000
2022,新横浜,新横浜,"[1,3)",1,3,388,416234.53608247475,319000,285000,369000,416234.53608247475
2022,新横浜,新横浜,"[3,5)",3,5,1065,967351.1737089235,330000,254000,443000,967351.1737089235
2022,東京,東京,"[0,1)",0,1,221,11295384.615384607,5750000,2770000,15100000,8587692.307692306
2022,東京,東京,"[1,3)",1,3,1432,4826579.608938537,2650000,1620000,5470000,4320504.189944126
2022,東京,東京,"[3,5)",3,5,2593,3366155.032780529,1890000,1060000,3320000,3090335.5187042286
2022,浜松,浜松,"[0,1)",0,1,153,274888.8888888888,245000,160000,318000,274888.8888888888
2022,浜松,浜松,"[1,3)",1,3,518,145864.28571428586,105000,89300,139000,145864.28571428586
2022,浜松,浜松,"[3,5)",3,5,938,115036.24733475497,92300,79850,117000,115324.41364605549
2022,熱海,熱海,"[0,1)",0,1,68,123000,118600,64850,176750,123000
2022,熱海,熱海,"[1,3)",1,3,115,91971.30434782605,61500,50800,171000,91971.30434782605
2022,熱海,熱海,"[3,5)",3,5,214,88018.69158878506,61900,50800,119000,88018.69158878506
2022,米原,米原,"[0,1)",0,1,34,71100,71100,68700,73500,71100
2022,米原,米原,"[1,3)",1,3,66,55696.96969696969,58500,32550,68700,57809.090909090904
2022,米原,米原,"[3,5)",3,5,166,45673.49397590362,50100,23900,59000,50345.18072289157
2022,豊橋,豊橋,"[0,1)",0,1,153,206533.3333333334,161000,114000,178000,206533.3333333334
2022,豊橋,豊橋,"[1,3)",1,3,382,137698.16753926713,109000,92500,129000,137698.16753926713
2022,豊橋,豊橋,"[3,5)",3,5,572,118026.92307692295,99200,80400,128000,118154.7202797203
2022,静岡,静岡,"[0,1)",0,1,221,495384.61538461526,329000,197000,590000,495384.61538461526
2022,静岡,静岡,"[1,3)",1,3,667,274701.0494752623,174000,156000,248000,274701.0494752623
2022,静岡,静岡,"[3,5)",3,5,980,220849.38775510166,158000,115000,197000,220849.38775510166
2023,三島,三島,"[0,1)",0,1,85,202600,185000,167000,190000,202600
2023,三島,三島,"[1,3)",1,3,335,140735.22388059707,129000,107000,156000,140735.22388059707
2023,三島,三島,"[3,5)",3,5,592,144452.8716216215,125000,93800,149000,144452.8716216215
2023,三河安城,三河安城,"[0,1)",0,1,51,180666.6666666667,173000,166000,203000,180666.6666666667
2023,三河安城,三河安城,"[1,3)",1,3,252,169319.84126984127,178000,166000,181000,169319.84126984127
2023,三河安城,三河安城,"[3,5)",3,5,512,162970.3125,170000,151000,181000,162970.3125
2023,京都,京都,"[0,1)",0,1,85,1765400,600000,384000,1760000,1765400
2023,京都,京都,"[1,3)",1,3,641,1386302.6521060849,495000,246000,1520000,1386302.6521060849
2023,京都,京都,"[3,5)",3,5,1220,906833.6065573774,357000,198000,910000,906833.6065573774
2023,名古屋,名古屋,"[0,1)",0,1,187,4868636.363636366,2100000,600000,7040000,4868636.363636366
2023,名古屋,名古屋,"[1,3)",1,3,737,2004447.7611940287,579000,242000,2100000,2004447.7611940287
2023,名古屋,名古屋,"[3,5)",3,5,1520,1145256.447368415,319000,186000,670000,1145256.447368415
2023,品川,品川,"[0,1)",0,1,85,2586000,1690000,1460000,4250000,2586000
2023,品川,品川,"[1,3)",1,3,556,1788589.9280575553,1320000,998000,1980000,1788589.9280575553
2023,品川,品川,"[3,5)",3,5,1628,3518304.668304657,1630000,970000,4400000,3334152.3341523283
2023,小田原,小田原,"[0,1)",0,1,85,211000,157000,143000,228000,211000
2023,小田原,小田原,"[1,3)",1,3,199,159854.77386934665,129000,107000,157000,159854.77386934665
2023,小田原,小田原,"[3,5)",3,5,362,164668.78453038703,127000,103000,157000,164668.78453038703
2023,岐阜羽島,岐阜羽島,"[0,1)",0,1,51,45233.33333333333,47900,35100,52700,45233.33333333333
2023,岐阜羽島,岐阜羽島,"[1,3)",1,3,150,39952,39500,35100,47900,41198.666666666664
2023,岐阜羽島,岐阜羽島,"[3,5)",3,5,246,36238.61788617885,39000,22000,47900,39649.18699186992
2023,掛川,掛川,"[0,1)",0,1,102,82000,68750,65000,94900,82000
2023,掛川,掛川,"[1,3)",1,3,198,126500.50505050535,63600,48400,71900,126500.50505050535
2023,掛川,掛川,"[3,5)",3,5,226,110396.90265486707,60400,44200,71900,111201.76991150435
2023,新大阪,新大阪,"[0,1)",0,1,85,882800,795000,274000,897000,882800
2023,新大阪,新大阪,"[1,3)",1,3,454,575242.2907488986,278000,217000,866000,575242.2907488986
2023,新大阪,新大阪,"[3,5)",3,5,1299,1115810.6235565897,285000,220000,930000,1066080.0615858308
2023,新富士,新富士,"[0,1)",0,1,51,65233.33333333333,64900,58000,72800,65233.33333333333
2023,新富士,新富士,"[1,3)",1,3,320,83352.5,84000,69300,93400,83352.5
2023,新富士,新富士,"[3,5)",3,5,491,73848.87983706719,71400,58800,89300,73848.87983706719
2023,新横浜,新横浜,"[0,1)",0,1,51,1126666.6666666663,355000,325000,2700000,1126666.6666666663
2023,新横浜,新横浜,"[1,3)",1,3,388,440868.5567010311,325000,298000,372000,440868.5567010311
2023,新横浜,新横浜,"[3,5)",3,5,1082,1006824.3992606235,343000,277000,462000,1006824.3992606235
2023,東京,東京,"[0,1)",0,1,221,11472307.692307686,5870000,2880000,15300000,8795384.615384616
2023,東京,東京,"[1,3)",1,3,1432,5004672.486033516,2760000,1690000,5820000,4501879.189944126
2023,東京,東京,"[3,5)",3,5,2593,3508847.2811415195,2030000,1120000,3530000,3234878.9047435853
2023,浜松,浜松,"[0,1)",0,1,153,277000,249000,162000,320000,277000
2023,浜松,浜松,"[1,3)",1,3,518,147009.07335907343,107000,90000,141000,147009.07335907343
2023,浜松,浜松,"[3,5)",3,5,938,115891.36460554347,92900,80550,118000,116223.02771855022
2023,熱海,熱海,"[0,1)",0,1,68,135925,130600,66775,199750,135925
2023,熱海,熱海,"[1,3)",1,3,115,98720.86956521745,62500,49700,193000,98720.86956521745
2023,熱海,熱海,"[3,5)",3,5,214,91405.60747663553,62500,49700,119000,91405.60747663553
2023,米原,米原,"[0,1)",0,1,34,71250,71250,69000,73500,71250
2023,米原,米原,"[1,3)",1,3,66,55821.21212121213,58600,32650,69000,57933.333333333336
2023,米原,米原,"[3,5)",3,5,166,45690.96385542169,50000,24000,59000,50403.61445783133
2023,豊橋,豊橋,"[0,1)",0,1,153,212877.77777777764,167000,117000,184000,212877.77777777764
2023,豊橋,豊橋,"[1,3)",1,3,382,140708.37696335066,114000,93000,132000,140708.37696335066
2023,豊橋,豊橋,"[3,5)",3,5,572,120042.65734265726,100000,80400,129000,120185.31468531453
2023,静岡,静岡,"[0,1)",0,1,221,500692.3076923076,329000,197000,600000,500692.3076923076
2023,静岡,静岡,"[1,3)",1,3,667,277755.47226386785,174000,158000,250000,277755.47226386785
2023,静岡,静岡,"[3,5)",3,5,980,223186.22448979635,159000,116000,200000,223186.22448979635
2024,三島,三島,"[0,1)",0,1,85,207200,189000,172000,194000,207200
2024,三島,三島,"[1,3)",1,3,335,142579.70149253734,131000,107000,159000,142579.70149253734
2024,三島,三島,"[3,5)",3,5,592,145290.8783783785,125000,93800,151000,145290.8783783785
2024,三河安城,三河安城,"[0,1)",0,1,51,191000,180000,175000,218000,191000
2024,三河安城,三河安城,"[1,3)",1,3,252,179329.3650793651,183000,175000,194000,179329.3650793651
2024,三河安城,三河安城,"[3,5)",3,5,512,172910.15625,180000,161000,190000,172910.15625
2024,京都,京都,"[0,1)",0,1,102,1816666.666666667,540000,420000,2020000,1816666.666666667
2024,京都,京都,"[1,3)",1,3,640,1558603.125,600000,282000,1620000,1558603.125
2024,京都,京都,"[3,5)",3,5,1220,1008116.803278691,406000,208000,984000,1008116.803278691
2024,名古屋,名古屋,"[0,1)",0,1,187,5070909.090909089,2260000,690000,7250000,5070909.090909089
2024,名古屋,名古屋,"[1,3)",1,3,737,2102044.7761194003,600000,263000,2260000,2102044.7761194003
2024,名古屋,名古屋,"[3,5)",3,5,1520,1204423.2894736743,340000,198000,750000,1204423.2894736743
2024,品川,品川,"[0,1)",0,1,85,2834000,1900000,1600000,4640000,2834000
2024,品川,品川,"[1,3)",1,3,556,1967244.60431655,1450000,1100000,2280000,1967244.60431655
2024,品川,品川,"[3,5)",3,5,1629,3885168.815224053,1800000,1070000,4890000,3684923.265807239
2024,小田原,小田原,"[0,1)",0,1,102,213833.33333333326,174500,146000,238000,213833.33333333326
2024,小田原,小田原,"[1,3)",1,3,215,165669.30232558155,145000,127000,185000,165669.30232558155
2024,小田原,小田原,"[3,5)",3,5,378,168264.55026455017,130000,104000,185000,168264.55026455017
2024,岐阜羽島,岐阜羽島,"[0,1)",0,1,51,45933.33333333333,48500,35800,53500,45933.33333333333
2024,岐阜羽島,岐阜羽島,"[1,3)",1,3,150,40119.333333333336,39500,35800,48400,41388.666666666664
2024,岐阜羽島,岐阜羽島,"[3,5)",3,5,246,36259.75609756097,38800,21900,48400,39731.707317073175
2024,掛川,掛川,"[0,1)",0,1,102,82583.33333333333,69050,65000,95700,82583.33333333333
2024,掛川,掛川,"[1,3)",1,3,198,126010.60606060606,63700,48400,72300,126010.60606060606
2024,掛川,掛川,"[3,5)",3,5,226,110000,60400,44200,72300,110812.38938053076
2024,新大阪,新大阪,"[0,1)",0,1,85,984400,880000,294000,978000,984400
2024,新大阪,新大阪,"[1,3)",1,3,454,630440.5286343608,295000,222000,972000,630440.5286343608
2024,新大阪,新大阪,"[3,5)",3,5,1299,1213237.1054657346,295000,232000,1050000,1156963.0484988412
2024,新富士,新富士,"[0,1)",0,1,51,65166.66666666667,64800,58000,72700,65166.66666666667
2024,新富士,新富士,"[1,3)",1,3,320,83448.75,84200,69200,93400,83448.75
2024,新富士,新富士,"[3,5)",3,5,491,73859.06313645621,71400,58500,89200,73859.06313645621
2024,新横浜,新横浜,"[0,1)",0,1,68,1163000,650500,357250,1456250,1163000
2024,新横浜,新横浜,"[1,3)",1,3,421,479163.8954869358,331000,318000,385000,479163.8954869358
2024,新横浜,新横浜,"[3,5)",3,5,1114,1047085.2782764803,364000,283000,506000,1047085.2782764803
2024,東京,東京,"[0,1)",0,1,221,11988461.538461529,6300000,3230000,15700000,9219230.769230759
2024,東京,東京,"[1,3)",1,3,1415,5399913.074204956,3090000,1890000,6210000,4867898.93992933
2024,東京,東京,"[3,5)",3,5,2577,3798755.5296856733,2300000,1250000,4000000,3510668.606907204
2024,浜松,浜松,"[0,1)",0,1,153,283111.1111111112,255000,165000,325000,283111.1111111112
2024,浜松,浜松,"[1,3)",1,3,518,149347.87644787616,109000,90900,144000,149347.87644787616
2024,浜松,浜松,"[3,5)",3,5,938,117461.19402985087,94200,81100,119000,117829.10447761205
2024,熱海,熱海,"[0,1)",0,1,68,151000,145000,68250,227750,151000
2024,熱海,熱海,"[1,3)",1,3,115,106755.65217391301,63000,48800,220000,106755.65217391301
2024,熱海,熱海,"[3,5)",3,5,214,95599.53271028043,63000,48800,119000,95599.53271028043
2024,米原,米原,"[0,1)",0,1,34,71750,71750,70000,73500,71750
2024,米原,米原,"[1,3)",1,3,66,56243.93939393939,58700,33125,70000,58201.51515151516
2024,米原,米原,"[3,5)",3,5,166,46028.9156626506,50500,24600,59500,50693.97590361446
2024,豊橋,豊橋,"[0,1)",0,1,153,220222.22222222236,172000,119000,186000,220222.22222222236
2024,豊橋,豊橋,"[1,3)",1,3,382,144010.99476439782,115000,93900,134750,144010.99476439782
2024,豊橋,豊橋,"[3,5)",3,5,572,122277.79720279697,100000,80400,129000,122426.39860139869
2024,静岡,静岡,"[0,1)",0,1,221,510615.38461538474,332000,198000,614000,510615.38461538474
2024,静岡,静岡,"[1,3)",1,3,667,282667.1664167916,175000,159000,252000,282667.1664167916
2024,静岡,静岡,"[3,5)",3,5,980,226956.02040816346,161000,117000,205000,226956.02040816346
2025,三島,三島,"[0,1)",0,1,85,213600,194000,179000,202000,213600
2025,三島,三島,"[1,3)",1,3,335,145295.52238805973,133000,108000,163000,145295.52238805973
2025,三島,三島,"[3,5)",3,5,592,146716.38513513544,125000,93800,153000,146716.38513513544
2025,三河安城,三河安城,"[0,1)",0,1,51,196666.6666666667,183000,180000,227000,196666.6666666667
2025,三河安城,三河安城,"[1,3)",1,3,235,190782.97872340426,189000,180000,202000,190782.97872340426
2025,三河安城,三河安城,"[3,5)",3,5,513,179405.45808966862,183000,163000,198000,179405.45808966862
2025,京都,京都,"[0,1)",0,1,119,2476428.571428571,682000,462000,4930000,2476428.571428571
2025,京都,京都,"[1,3)",1,3,639,1873945.2269170578,760000,325000,2010000,1873945.2269170578
2025,京都,京都,"[3,5)",3,5,1220,1184183.6065573788,465000,232000,1150000,1184183.6065573788
2025,名古屋,名古屋,"[0,1)",0,1,187,5154545.454545455,2390000,790000,7270000,5154545.454545455
2025,名古屋,名古屋,"[1,3)",1,3,737,2150943.012211664,620000,268000,2390000,2150943.012211664
2025,名古屋,名古屋,"[3,5)",3,5,1520,1236852.105263156,345000,210000,800000,1236852.105263156
2025,品川,品川,"[0,1)",0,1,85,3320000,2240000,1830000,5450000,3320000
2025,品川,品川,"[1,3)",1,3,539,2295962.894248611,1650000,1230000,2650000,2295962.894248611
2025,品川,品川,"[3,5)",3,5,1630,4301956.441717786,2070000,1190000,5600000,4057723.3128834614
2025,小田原,小田原,"[0,1)",0,1,102,223666.66666666674,182000,149000,250000,223666.66666666674
2025,小田原,小田原,"[1,3)",1,3,215,170708.37209302303,147000,128000,187000,170708.37209302303
2025,小田原,小田原,"[3,5)",3,5,378,171518.25396825417,134000,105000,187000,171518.25396825417
2025,岐阜羽島,岐阜羽島,"[0,1)",0,1,51,46566.66666666667,49100,36400,54200,46566.66666666667
2025,岐阜羽島,岐阜羽島,"[1,3)",1,3,150,40367.333333333336,39900,36400,48800,41648
2025,岐阜羽島,岐阜羽島,"[3,5)",3,5,246,36326.42276422764,38600,21700,48800,39860.16260162602
2025,掛川,掛川,"[0,1)",0,1,102,83850,69700,65400,97000,83850
2025,掛川,掛川,"[1,3)",1,3,198,125766.16161616173,64300,48400,73000,125766.16161616173
2025,掛川,掛川,"[3,5)",3,5,226,109830.0884955754,60400,44200,73000,110642.47787610613
2025,新大阪,新大阪,"[0,1)",0,1,85,1101600,970000,319000,1070000,1101600
2025,新大阪,新大阪,"[1,3)",1,3,471,688445.8598726116,315000,210000,970000,688445.8598726116
2025,新大阪,新大阪,"[3,5)",3,5,1298,1313268.8751926112,315000,246000,1230000,1250402.9275808944
2025,新富士,新富士,"[0,1)",0,1,51,65133.33333333333,64800,58000,72600,65133.33333333333
2025,新富士,新富士,"[1,3)",1,3,320,83528.75,84400,69200,93400,83528.75
2025,新富士,新富士,"[3,5)",3,5,491,73873.31975560084,71400,58300,89100,73873.31975560084
2025,新横浜,新横浜,"[0,1)",0,1,68,1275750,694000,367250,1602500,1275750
2025,新横浜,新横浜,"[1,3)",1,3,421,509871.7339667462,347000,331000,410000,509871.7339667462
2025,新横浜,新横浜,"[3,5)",3,5,1114,1097684.0215439906,378000,292000,560000,1097684.0215439906
2025,東京,東京,"[0,1)",0,1,221,12849230.769230759,6900000,3970000,16300000,9687692.307692306
2025,東京,東京,"[1,3)",1,3,1415,5996748.409893996,3470000,2280000,6830000,5372225.441696114
2025,東京,東京,"[3,5)",3,5,2577,4255365.929375272,2800000,1460000,4570000,3917608.847497141
2025,浜松,浜松,"[0,1)",0,1,153,292333.3333333334,263000,169000,336000,292333.3333333334
2025,浜松,浜松,"[1,3)",1,3,518,152564.67181467163,111000,91800,146000,152564.67181467163
2025,浜松,浜松,"[3,5)",3,5,938,119475.58635394477,95500,81700,121000,119865.2452025585
2025,熱海,熱海,"[0,1)",0,1,68,171575,164400,69725,266250,171575
2025,熱海,熱海,"[1,3)",1,3,115,117925.21739130434,63500,48000,257000,117925.21739130434
2025,熱海,熱海,"[3,5)",3,5,214,101499.53271028043,63500,48000,119000,101499.53271028043
2025,米原,米原,"[0,1)",0,1,34,72250,72250,71000,73500,72250
2025,米原,米原,"[1,3)",1,3,66,56846.96969696969,59300,33875,71000,58598.48484848484
2025,米原,米原,"[3,5)",3,5,166,46413.855421686734,51100,25400,59900,51012.04819277108
2025,豊橋,豊橋,"[0,1)",0,1,153,224688.8888888888,175000,121000,188000,224688.8888888888
2025,豊橋,豊橋,"[1,3)",1,3,382,146170.9424083768,115000,95200,136750,146170.9424083768
2025,豊橋,豊橋,"[3,5)",3,5,572,123704.54545454547,100000,80400,129000,123856.11888111885
2025,静岡,静岡,"[0,1)",0,1,221,527307.6923076925,345000,201000,638000,527307.6923076925
2025,静岡,静岡,"[1,3)",1,3,667,290377.9610194901,178000,160000,256000,290377.9610194901
2025,静岡,静岡,"[3,5)",3,5,980,232827.14285714302,164000,119000,214000,232827.14285714302
